old_url,redirect_to,status_code,reason
/12-nam-den-sach-nay-con-da-lon-khon-ngay-31-thang-05-nam-2018/,/,301,Past event - consolidated
/3-tieu-chi-vang-giup-phu-huynh-chon-khoa-he-summer-got-talents-2017-cua-truong-thcs-va-thpt-viet-anh-ngay-18-thang-04-nam-2017/,/thcs,301,Past event - consolidated
/4-bi-quyet-san-hoc-bong-de-nhu-tro-ban-tay-ngay-27-thang-06-nam-2018/,/,301,Past event - consolidated
/4-hoc-sinh-doat-giai-ioe-cap-thanh-pho-nam-2017-ngay-28-thang-03-nam-2017/,/,301,Past event - consolidated
/7-ly-do-nen-cho-tre-tham-gia-trai-he-ngay-22-thang-05-nam-2018/,/,301,Past event - consolidated
/8-cach-de-mua-he-cua-ban-tro-nen-that-y-nghia-ngay-04-thang-06-nam-2018/,/,301,Past event - consolidated
/9-loi-ich-ma-tre-se-co-duoc-khi-tham-gia-trai-he-ngay-06-thang-06-nam-2018/,/,301,Past event - consolidated
/anh-du-thi-khoanh-khac-thay-tro-lop-10a1/,/thpt,301,Legacy content merged into pillar page
/anh-du-thi-khoanh-khac-thay-tro-lop-10a2/,/thpt,301,Legacy content merged into pillar page
/anh-du-thi-khoanh-khac-thay-tro-lop-10b1/,/thpt,301,Legacy content merged into pillar page
/anh-du-thi-khoanh-khac-thay-tro-lop-10b2/,/thpt,301,Legacy content merged into pillar page
/anh-du-thi-khoanh-khac-thay-tro-lop-11a1/,/,301,Legacy content merged into pillar page
/anh-du-thi-khoanh-khac-thay-tro-lop-11a2/,/,301,Legacy content merged into pillar page
/anh-du-thi-khoanh-khac-thay-tro-lop-11b1/,/,301,Legacy content merged into pillar page
/anh-du-thi-khoanh-khac-thay-tro-lop-11b2/,/,301,Legacy content merged into pillar page
/anh-du-thi-khoanh-khac-thay-tro-lop-12a2/,/thpt,301,Legacy content merged into pillar page
/anh-du-thi-khoanh-khac-thay-tro-lop-12b1/,/thpt,301,Legacy content merged into pillar page
/anh-du-thi-khoanh-khac-thay-tro-lop-6a1/,/,301,Legacy content merged into pillar page
/anh-du-thi-khoanh-khac-thay-tro-lop-6a2/,/,301,Legacy content merged into pillar page
/anh-du-thi-khoanh-khac-thay-tro-lop-8a1/,/,301,Legacy content merged into pillar page
/anh-du-thi-khoanh-khac-thay-tro-lop-9a1/,/,301,Legacy content merged into pillar page
/anh-hung-vo-thi-sau-lop-12a2-truong-viet-anh/,/thpt,301,Legacy content merged into pillar page
/bai-hoc-tu-bua-trua-o-truong-hoc-phan-lan/,/,301,Legacy content merged into pillar page
/cac-ban-co-tim-thay-minh-trong-day-khong-viet-anh-prom-night-ngay-19-thang-05-nam-2018/,/,301,Past event - consolidated
/cac-ban-thay-do-an-cua-chung-ta-nhu-the-viet-anh-prom-night-ngay-19-thang-05-nam-2018/,/,301,Past event - consolidated
/cac-tinh-yeu-da-san-sang-tham-du-prom-night-chua-nhi-ngay-18-thang-05-nam-2018/,/,301,Past event - consolidated
/cach-phan-biet-giao-vien-truong-viet-anh-va-giao-vien-truong-nguoi-ta-ngay-23-thang-06-nam-2018/,/,301,Past event - consolidated
/cha-me-oi-con-rot-lop-10-thi-da-sao-ngay-19-thang-06-nam-2018/,/thpt,301,Past event - consolidated
/chi-von-ven-vai-ngay-nua-se-dien-ra-ky-thi-tuyen-sinh-vao-lop-10-tai-tp-hcm-ngay-01-thang-06-nam-2018/,/thpt,301,Past event - consolidated
/chien-dich-huan-luyen-ky-nang-phong-chong-xam-hai-tinh-duc-tre-em-truong-viet-anh-ngay-11-thang-03-nam-2017/,/blog/cach-chon-truong-mam-non-cho-con,301,Past event - consolidated
/co-hoi-san-hoc-bong-len-den-50-chi-co-tai-truong-quoc-te-viet-anh-ngay-28-thang-06-nam-2018/,/,301,Past event - consolidated
/cwalk-yoyo-last-day-at-school-ver-2-truongvietanh-com/,/,301,Legacy content merged into pillar page
/da-hoc-la-phai-gioi-da-gioi-la-phai-co-bang-ngay-05-thang-04-nam-2018/,/,301,Past event - consolidated
/dai-truyen-hinh-htv9-dua-tin-truong-thcs-va-thpt-viet-anh-dao-tao-hoc-sinh-gioi-chuyen-anh-ngay-04-thang-07-nam-2017/,/thcs,301,Past event - consolidated
/danh-cho-nhung-ai-chua-biet-ro-bang-ielts-va-loi-the-cua-ielts-mang-lai-ngay-28-thang-06-nam-2018/,/blog/10-bi-quyet-hoc-tieng-anh-hieu-qua,301,Past event - consolidated
/dap-an-de-thi-dai-hoc-mon-hoa-2014/,/,301,Outdated content - consolidated
/dap-an-de-thi-dia-hoc-khoi-d-mon-toan-nam-2014/,/,301,Outdated content - consolidated
/dap-an-de-thi-lop-10-nam-2015/,/thpt,301,Outdated content - consolidated
/dap-an-de-thi-mon-toan-thpt-quoc-gia-nam-2016/,/thpt,301,Outdated content - consolidated
/dap-an-de-thi-tot-nghiep-thpt-mon-toan-2014-2015/,/thpt,301,Outdated content - consolidated
/dap-an-de-thi-tuyen-sinh-lop-10-mon-toan-tp-hcm-nam-2013-2014/,/thpt,301,Outdated content - consolidated
/dap-an-de-thi-vao-lop-10-mon-van/,/thpt,301,Outdated content - consolidated
/dau-tu-khung-cho-hoat-dong-ngoai-khoa-co-can-thiet-hay-khong-ngay-20-thang-06-nam-2018/,/,301,Past event - consolidated
/de-thi-tot-nghiep-thpt-anh-nam-2013-kem-dap-an/,/thpt,301,Outdated content - consolidated
/de-thi-tot-nghiep-thpt-mon-dia-2013/,/thpt,301,Outdated content - consolidated
/de-thi-tot-nghiep-thpt-mon-sinh-2013/,/thpt,301,Outdated content - consolidated
/de-thi-tot-nghiep-thpt-mon-su-2012/,/thpt,301,Outdated content - consolidated
/de-thi-tot-nghiep-thpt-nam-2013-mon-toan/,/thpt,301,Outdated content - consolidated
/de-thi-tuyen-sinh-lop-10-mon-toan/,/thpt,301,Outdated content - consolidated
/de-thi-tuyen-sinh-lop-10-tp-hcm-se-thay-doi-the-nao/,/thpt,301,Outdated content - consolidated
/diem-khac-biet-trong-chuong-trinh-quoc-te-truong-viet-anh-ngay-28-thang-06-nam-2018/,/,301,Past event - consolidated
/dong-luc-tao-nen-truong-viet-anh-ngay-hom-nay-ngay-25-thang-05-nam-2018/,/,301,Past event - consolidated
/du-hoc-tai-cho-khi-hoc-tai-truong-quoc-te-ngay-25-thang-06-nam-2018/,/blog/du-hoc-sau-thpt,301,Past event - consolidated
/full-hd-clip-be-giang-truong-thcs-thpt-viet-anh-19-05-2013/,/thcs,301,Legacy content merged into pillar page
/full-hd-clip-tri-an-truong-thcs-thpt-viet-anh-19-05-2013/,/thcs,301,Legacy content merged into pillar page
/full-hd-ngoi-truong-dau-yeu-lop-6a/,/,301,Legacy content merged into pillar page
/giai-the-thao-hoc-sinh-quan-binh-tan-mon-boi-loi-nam-2016-2017-ngay-20-thang-02-nam-2017/,/,301,Past event - consolidated
/giao-duc-pho-thong-viet-nam-co-dat-nuoi-duong-oc-sang-tao-ngay-07-thang-07-nam-2018/,/blog/cach-chon-truong-mam-non-cho-con,301,Past event - consolidated
/goi-y-giai-de-thi-tot-nghiep-thpt-mon-ngu-van-2014/,/thpt,301,Outdated content - consolidated
/hd-clip-cam-nghi-cua-hs-mung-ngay-ngvn-truong-viet-anh-2/,/,301,Legacy content merged into pillar page
/he-den-roi-dua-nhau-di-tron-dau-day-voi-cai-thoi-tiet-day-oi-buc-va-khoi-bui-cua-sai-gon-nhi-ngay-21-thang-04-nam-2018/,/,301,Past event - consolidated
/hoc-cong-lap-khong-con-la-lua-chon-tot-nhat-ngay-21-thang-06-nam-2018/,/,301,Past event - consolidated
/hoc-la-chinh-vui-cung-la-chinh%ef%b8%8f-ngay-19-thang-05-nam-2018/,/,301,Past event - consolidated
/hoc-noi-tru-loi-ich-the-nao-va-noi-tru-truong-quoc-te-co-gi-khac-biet-ngay-25-thang-06-nam-2018/,/,301,Past event - consolidated
/hoc-sinh-truong-quoc-te-viet-anh-hoc-tieng-anh-the-nao-ngay-28-thang-06-nam-2018/,/blog/10-bi-quyet-hoc-tieng-anh-hieu-qua,301,Past event - consolidated
/hoc-sinh-truong-thcs-thpt-viet-anh-da-chinh-phuc-2-giai-thuong-duoc-to-chuc-boi-bo-gddt-ngay-14-thang-04-nam-2017/,/thcs,301,Past event - consolidated
/hoc-sinh-truong-thcs-va-thpt-viet-anh-da-trai-nghiem-mot-chuyen-du-lich-da-ngoai-den-dat-nuoc-thai-lan-ngay-11-thang-05-nam-2017/,/thcs,301,Past event - consolidated
/hoc-sinh-truong-thcs-va-thpt-viet-anh-dat-huy-chuong-dong-cuoc-thi-olympic-vat-ly-2017-ngay-21-thang-04-nam-2017/,/thcs,301,Past event - consolidated
/hoc-sinh-truong-thsc-va-thpt-viet-anh-tham-gia-cuoc-thi-anh-khoanh-khac-thay-tro-de-chao-mung-ngay-nha-giao-viet-nam-20-11-ngay-02-thang-11-nam-2017/,/thpt,301,Past event - consolidated
/hoc-sinh-truong-viet-anh-da-xuat-sac-gianh-giai-ba-mon-tieng-anh-ki-thi-hoc-sinh-gioi-cap-thanh-pho-2017-ngay-28-thang-03-nam-2017/,/blog/10-bi-quyet-hoc-tieng-anh-hieu-qua,301,Past event - consolidated
/hoc-sinh-viet-anh-tai-duc-ven-toan-ngay-04-thang-04-nam-2018/,/,301,Past event - consolidated
/hoc-truong-quoc-te-hay-nen-ra-quoc-te-hoc-ngay-04-thang-07-nam-2018/,/,301,Past event - consolidated
/hoc-truong-quoc-te-xoa-tan-noi-lo-dau-tu-cho-con-di-du-hoc-ngay-25-thang-06-nam-2018/,/tuyen-sinh/hoc-phi-mam-non,301,Past event - consolidated
/khi-sep-la-fan-cung-bong-da-ngay-23-thang-11-nam-2017/,/,301,Past event - consolidated
/khoanh-khac-thay-tro-2016-anh-du-thi-lop-10a1/,/thpt,301,Legacy content merged into pillar page
/khoanh-khac-thay-tro-2016-anh-du-thi-lop-10a2/,/thpt,301,Legacy content merged into pillar page
/khoanh-khac-thay-tro-2016-anh-du-thi-lop-10b1/,/thpt,301,Legacy content merged into pillar page
/khoanh-khac-thay-tro-2016-anh-du-thi-lop-10b2/,/thpt,301,Legacy content merged into pillar page
/khoanh-khac-thay-tro-2016-anh-du-thi-lop-10c1/,/thpt,301,Legacy content merged into pillar page
/khoanh-khac-thay-tro-2016-anh-du-thi-lop-10c2/,/thpt,301,Legacy content merged into pillar page
/khoanh-khac-thay-tro-2016-anh-du-thi-lop-11a1-2/,/,301,Legacy content merged into pillar page
/khoanh-khac-thay-tro-2016-anh-du-thi-lop-11a1/,/,301,Legacy content merged into pillar page
/khoanh-khac-thay-tro-2016-anh-du-thi-lop-11a2/,/,301,Legacy content merged into pillar page
/khoanh-khac-thay-tro-2016-anh-du-thi-lop-11b1/,/,301,Legacy content merged into pillar page
/khoanh-khac-thay-tro-2016-anh-du-thi-lop-11b2/,/,301,Legacy content merged into pillar page
/khoanh-khac-thay-tro-2016-anh-du-thi-lop-12a1/,/thpt,301,Legacy content merged into pillar page
/khoanh-khac-thay-tro-2016-anh-du-thi-lop-12a2/,/thpt,301,Legacy content merged into pillar page
/khoanh-khac-thay-tro-2016-anh-du-thi-lop-12b1/,/thpt,301,Legacy content merged into pillar page
/khoanh-khac-thay-tro-2016-anh-du-thi-lop-12b2/,/thpt,301,Legacy content merged into pillar page
/khoanh-khac-thay-tro-2016-anh-du-thi-lop-6a2/,/,301,Legacy content merged into pillar page
/khoanh-khac-thay-tro-2016-anh-du-thi-lop-7a2/,/,301,Legacy content merged into pillar page
/khoanh-khac-thay-tro-2016-anh-du-thi-lop-8a1/,/,301,Legacy content merged into pillar page
/khoanh-khac-thay-tro-2016-anh-du-thi-lop-8a2/,/,301,Legacy content merged into pillar page
/khoanh-khac-thay-tro-2016-anh-du-thi-lop-8b2/,/,301,Legacy content merged into pillar page
/khoanh-khac-thay-tro-2016-anh-du-thi-lop-9a2/,/,301,Legacy content merged into pillar page
/khoanh-khac-thay-tro-2016-anh-du-thi-lop-9b1/,/,301,Legacy content merged into pillar page
/khoanh-khac-thay-tro-2017-anh-du-thi-lop-10a2/,/thpt,301,Legacy content merged into pillar page
/khoanh-khac-thay-tro-2017-anh-du-thi-lop-10b1/,/thpt,301,Legacy content merged into pillar page
/khoanh-khac-thay-tro-2017-anh-du-thi-lop-10c1/,/thpt,301,Legacy content merged into pillar page
/khoanh-khac-thay-tro-2017-anh-du-thi-lop-10d1/,/thpt,301,Legacy content merged into pillar page
/khoanh-khac-thay-tro-2017-anh-du-thi-lop-11a2/,/,301,Legacy content merged into pillar page
/khoanh-khac-thay-tro-2017-anh-du-thi-lop-11b2/,/,301,Legacy content merged into pillar page
/khoanh-khac-thay-tro-2017-anh-du-thi-lop-11c1/,/,301,Legacy content merged into pillar page
/khoanh-khac-thay-tro-2017-anh-du-thi-lop-12a1/,/thpt,301,Legacy content merged into pillar page
/khoanh-khac-thay-tro-2017-anh-du-thi-lop-12a2/,/thpt,301,Legacy content merged into pillar page
/khoanh-khac-thay-tro-2017-anh-du-thi-lop-12b1/,/thpt,301,Legacy content merged into pillar page
/khoanh-khac-thay-tro-2017-anh-du-thi-lop-12b2/,/thpt,301,Legacy content merged into pillar page
/khoanh-khac-thay-tro-2017-anh-du-thi-lop-12c1/,/thpt,301,Legacy content merged into pillar page
/khoanh-khac-thay-tro-2017-anh-du-thi-lop-6a1/,/,301,Legacy content merged into pillar page
/khoanh-khac-thay-tro-2017-anh-du-thi-lop-6a2/,/,301,Legacy content merged into pillar page
/khoanh-khac-thay-tro-2017-anh-du-thi-lop-7a1/,/,301,Legacy content merged into pillar page
/khoanh-khac-thay-tro-2017-anh-du-thi-lop-7a2/,/,301,Legacy content merged into pillar page
/khoanh-khac-thay-tro-2017-anh-du-thi-lop-8a1/,/,301,Legacy content merged into pillar page
/khoanh-khac-thay-tro-2017-anh-du-thi-lop-8a2/,/,301,Legacy content merged into pillar page
/khoanh-khac-thay-tro-2017-anh-du-thi-lop-9a2/,/,301,Legacy content merged into pillar page
/khoanh-khac-thay-tro-2017-anh-du-thi-lop-9b1/,/,301,Legacy content merged into pillar page
/khoanh-khac-thay-tro-2018-anh-du-thi-lop-10a1/,/thpt,301,Legacy content merged into pillar page
/khoanh-khac-thay-tro-2018-anh-du-thi-lop-10a2/,/thpt,301,Legacy content merged into pillar page
/khoanh-khac-thay-tro-2018-anh-du-thi-lop-10b2/,/thpt,301,Legacy content merged into pillar page
/khoanh-khac-thay-tro-2018-anh-du-thi-lop-10c1/,/thpt,301,Legacy content merged into pillar page
/khoanh-khac-thay-tro-2018-anh-du-thi-lop-10c2/,/thpt,301,Legacy content merged into pillar page
/khoanh-khac-thay-tro-2018-anh-du-thi-lop-10d1/,/thpt,301,Legacy content merged into pillar page
/khoanh-khac-thay-tro-2018-anh-du-thi-lop-10d2/,/thpt,301,Legacy content merged into pillar page
/khoanh-khac-thay-tro-2018-anh-du-thi-lop-10e1/,/thpt,301,Legacy content merged into pillar page
/khoanh-khac-thay-tro-2018-anh-du-thi-lop-10e2/,/thpt,301,Legacy content merged into pillar page
/khoanh-khac-thay-tro-2018-anh-du-thi-lop-11a1/,/,301,Legacy content merged into pillar page
/khoanh-khac-thay-tro-2018-anh-du-thi-lop-11a2/,/,301,Legacy content merged into pillar page
/khoanh-khac-thay-tro-2018-anh-du-thi-lop-11b1/,/,301,Legacy content merged into pillar page
/khoanh-khac-thay-tro-2018-anh-du-thi-lop-11b2/,/,301,Legacy content merged into pillar page
/khoanh-khac-thay-tro-2018-anh-du-thi-lop-11c1/,/,301,Legacy content merged into pillar page
/khoanh-khac-thay-tro-2018-anh-du-thi-lop-11d1/,/,301,Legacy content merged into pillar page
/khoanh-khac-thay-tro-2018-anh-du-thi-lop-12a1/,/thpt,301,Legacy content merged into pillar page
/khoanh-khac-thay-tro-2018-anh-du-thi-lop-12a2/,/thpt,301,Legacy content merged into pillar page
/khoanh-khac-thay-tro-2018-anh-du-thi-lop-12b1/,/thpt,301,Legacy content merged into pillar page
/khoanh-khac-thay-tro-2018-anh-du-thi-lop-12b2/,/thpt,301,Legacy content merged into pillar page
/khoanh-khac-thay-tro-2018-anh-du-thi-lop-12c1/,/thpt,301,Legacy content merged into pillar page
/khoanh-khac-thay-tro-2018-anh-du-thi-lop-6a2/,/,301,Legacy content merged into pillar page
/khoanh-khac-thay-tro-2018-anh-du-thi-lop-7a1/,/,301,Legacy content merged into pillar page
/khoanh-khac-thay-tro-2018-anh-du-thi-lop-7a2/,/,301,Legacy content merged into pillar page
/khoanh-khac-thay-tro-2018-anh-du-thi-lop-8a1/,/,301,Legacy content merged into pillar page
/khoanh-khac-thay-tro-2018-anh-du-thi-lop-8a2/,/,301,Legacy content merged into pillar page
/khoanh-khac-thay-tro-2018-anh-du-thi-lop-8b1/,/,301,Legacy content merged into pillar page
/khoanh-khac-thay-tro-2018-anh-du-thi-lop-8b2/,/,301,Legacy content merged into pillar page
/khoanh-khac-thay-tro-2018-anh-du-thi-lop-9a1/,/,301,Legacy content merged into pillar page
/khoanh-khac-thay-tro-2018-anh-du-thi-lop-9a2/,/,301,Legacy content merged into pillar page
/khoanh-khac-thay-tro-2018-anh-du-thi-lop-9b2/,/,301,Legacy content merged into pillar page
/khoanh-khac-thay-tro-2019-anh-du-thi-lop-10a1/,/thpt,301,Legacy content merged into pillar page
/khoanh-khac-thay-tro-2019-anh-du-thi-lop-10a2/,/thpt,301,Legacy content merged into pillar page
/khoanh-khac-thay-tro-2019-anh-du-thi-lop-10b2/,/thpt,301,Legacy content merged into pillar page
/khoanh-khac-thay-tro-2019-anh-du-thi-lop-10c1/,/thpt,301,Legacy content merged into pillar page
/khoanh-khac-thay-tro-2019-anh-du-thi-lop-10d2/,/thpt,301,Legacy content merged into pillar page
/khoanh-khac-thay-tro-2019-anh-du-thi-lop-10e2/,/thpt,301,Legacy content merged into pillar page
/khoanh-khac-thay-tro-2019-anh-du-thi-lop-11a1/,/,301,Legacy content merged into pillar page
/khoanh-khac-thay-tro-2019-anh-du-thi-lop-11a2/,/,301,Legacy content merged into pillar page
/khoanh-khac-thay-tro-2019-anh-du-thi-lop-11b1/,/,301,Legacy content merged into pillar page
/khoanh-khac-thay-tro-2019-anh-du-thi-lop-11b2/,/,301,Legacy content merged into pillar page
/khoanh-khac-thay-tro-2019-anh-du-thi-lop-11c1-3/,/,301,Legacy content merged into pillar page
/khoanh-khac-thay-tro-2019-anh-du-thi-lop-11d1/,/,301,Legacy content merged into pillar page
/khoanh-khac-thay-tro-2019-anh-du-thi-lop-11d2/,/,301,Legacy content merged into pillar page
/khoanh-khac-thay-tro-2019-anh-du-thi-lop-12a1/,/thpt,301,Legacy content merged into pillar page
/khoanh-khac-thay-tro-2019-anh-du-thi-lop-12a2/,/thpt,301,Legacy content merged into pillar page
/khoanh-khac-thay-tro-2019-anh-du-thi-lop-12b1/,/thpt,301,Legacy content merged into pillar page
/khoanh-khac-thay-tro-2019-anh-du-thi-lop-12b2/,/thpt,301,Legacy content merged into pillar page
/khoanh-khac-thay-tro-2019-anh-du-thi-lop-12c1/,/thpt,301,Legacy content merged into pillar page
/khoanh-khac-thay-tro-2019-anh-du-thi-lop-6a2/,/,301,Legacy content merged into pillar page
/khoanh-khac-thay-tro-2019-anh-du-thi-lop-6b2/,/,301,Legacy content merged into pillar page
/khoanh-khac-thay-tro-2019-anh-du-thi-lop-7a1/,/,301,Legacy content merged into pillar page
/khoanh-khac-thay-tro-2019-anh-du-thi-lop-7a2/,/,301,Legacy content merged into pillar page
/khoanh-khac-thay-tro-2019-anh-du-thi-lop-7b2/,/,301,Legacy content merged into pillar page
/khoanh-khac-thay-tro-2019-anh-du-thi-lop-8a2/,/,301,Legacy content merged into pillar page
/khoanh-khac-thay-tro-2019-anh-du-thi-lop-8b1/,/,301,Legacy content merged into pillar page
/khoanh-khac-thay-tro-2019-anh-du-thi-lop-8b2/,/,301,Legacy content merged into pillar page
/khoanh-khac-thay-tro-2019-anh-du-thi-lop-9a1/,/,301,Legacy content merged into pillar page
/khoanh-khac-thay-tro-2019-anh-du-thi-lop-9a2-2/,/,301,Legacy content merged into pillar page
/khoanh-khac-thay-tro-2019-anh-du-thi-lop-9b1/,/,301,Legacy content merged into pillar page
/khoanh-khac-thay-tro-2019-anh-du-thi-lop-9b2/,/,301,Legacy content merged into pillar page
/king-queen-2018-trong-dem-tiec-prom-night-ngay-19-thang-05-nam-2018/,/,301,Past event - consolidated
/last-night-tai-truong-viet-anh-ngay-19-thang-05-nam-2018/,/,301,Past event - consolidated
/le-khai-giang-nam-noc-2017-2018-cua-truong-viet-anh-ngay-01-thang-09-nam-2017/,/blog/su-kien-sap-toi-2026,301,Past event - consolidated
/le-tong-ket-ngay-28-thang-05-nam-2018/,/,301,Past event - consolidated
/loi-ich-bat-ngo-tu-hoat-dong-ngoai-khoa-cho-con-ban-ngay-30-thang-06-nam-2018/,/,301,Past event - consolidated
/lua-chon-khoa-he-khong-he-don-gian-ngay-28-thang-05-nam-2018/,/,301,Past event - consolidated
/mot-thoi-thanh-xuan-da-qua-ngay-26-thang-05-nam-2018/,/,301,Past event - consolidated
/mua-he-vua-lo-chuyen-hoc-vua-lo-chuyen-choi-ngay-13-thang-06-nam-2018/,/,301,Past event - consolidated
/ngay-hop-phu-huynh-o-truong-viet-anh-co-gi-khac-ngay-03-thang-04-nam-2018/,/blog/cach-chon-truong-mam-non-cho-con,301,Past event - consolidated
/nguoi-that-viec-that-ngay-23-thang-05-nam-2018/,/,301,Past event - consolidated
/nguyen-nhan-khien-cho-mua-he-cua-ban-troi-qua-vo-nghia-ngay-07-thang-06-nam-2018/,/,301,Past event - consolidated
/nhung-dac-quyen-khi-hoc-tap-tai-truong-quoc-te-viet-anh-ngay-06-thang-07-nam-2018-2/,/,301,Past event - consolidated
/noi-dung-viet-anh-summer-camp-2018-ngay-02-thang-05-nam-2018/,/,301,Past event - consolidated
/phong-trao-bung-no-song-xanh-song-sang-tao-ngay-15-thang-06-nam-2018/,/,301,Past event - consolidated
/phu-huynh-truong-thcs-thpt-viet-anh-dang-ki-chuong-trinh-summer-got-talent-2017-khoa-he-phat-trien-toan-dien-cho-tre-ngay-29-thang-03-nam-2017/,/thcs,301,Past event - consolidated
/rai-he-trong-nuoc-hay-trai-he-quoc-te-ngay-05-thang-06-nam-2018/,/,301,Past event - consolidated
/so-gd-dt-tp-hcm-yeu-cau-khac-phuc-giao-duc-kieu-quyen-uy-ngay-18-thang-06-nam-2018/,/blog/cach-chon-truong-mam-non-cho-con,301,Past event - consolidated
/tai-sao-khoa-he-viet-anh-summer-camp-la-lua-chon-so-1-ngay-01-thang-06-nam-2018/,/,301,Past event - consolidated
/tai-sao-ta-nen-cho-tre-tham-gia-trai-he-ngay-17-thang-05-nam-2018/,/,301,Past event - consolidated
/thang-5-o-viet-anh-co-gi-bat-ngo-ngay-14-thang-04-nam-2018/,/,301,Past event - consolidated
/the-manh-noi-troi-cua-truong-quoc-te-song-ngu-viet-anh-ngay-28-thang-06-nam-2018/,/,301,Past event - consolidated
/them-3-hoc-sinh-cua-truong-viet-anh-dat-giai-thuong-cuoc-thi-tieng-anh-duoc-to-chuc-boi-bo-gddt-ngay-18-thang-04-nam-2017/,/blog/10-bi-quyet-hoc-tieng-anh-hieu-qua,301,Past event - consolidated
/theo-duoi-dam-me-cai-gi-se-theo-duoi-ban-ngay-21-thang-05-nam-2018/,/,301,Past event - consolidated
/theo-duoi-dam-me-cua-ban-than-hay-di-theo-dinh-huong-cua-cha-me-loi-cua-con-tre-hay-cua-chinh-bac-phu-huynh-ngay-16-thang-05-nam-2018/,/blog/cach-chon-truong-mam-non-cho-con,301,Past event - consolidated
/thuc-don-2015-2016-2/,/,301,Legacy content merged into pillar page
/thuc-don-tuan-01-thang-01-tu-ngay-30122019-05012019/,/,301,Legacy content merged into pillar page
/thuc-don-tuan-01-thang-02-tu-ngay-03022020-09022020/,/,301,Legacy content merged into pillar page
/thuc-don-tuan-01-thang-06-2018-tu-ngay-05062018-08062018/,/,301,Legacy content merged into pillar page
/thuc-don-tuan-01-thang-06-tu-ngay-01062020-07062020/,/,301,Legacy content merged into pillar page
/thuc-don-tuan-01-thang-06-tu-ngay-03062019-09062019/,/,301,Legacy content merged into pillar page
/thuc-don-tuan-01-thang-07-2018-tu-ngay-02072018-06072018/,/,301,Legacy content merged into pillar page
/thuc-don-tuan-01-thang-08-2018-tu-ngay-06082018-10082018/,/,301,Legacy content merged into pillar page
/thuc-don-tuan-01-thang-08-tu-ngay-05082019-11082019/,/,301,Legacy content merged into pillar page
/thuc-don-tuan-01-thang-09-tu-ngay-03092019-08092019/,/,301,Legacy content merged into pillar page
/thuc-don-tuan-01-thang-10-2018-tu-ngay-01102018-07102018/,/,301,Legacy content merged into pillar page
/thuc-don-tuan-01-thang-10-tu-ngay-30092019-01102019/,/,301,Legacy content merged into pillar page
/thuc-don-tuan-01-thang-11-tu-ngay-04112019-10112019/,/,301,Legacy content merged into pillar page
/thuc-don-tuan-01-thang-12-tu-ngay-2122019-8122019/,/,301,Legacy content merged into pillar page
/thuc-don-tuan-01-thang-7-tu-ngay-29062020-05072020/,/,301,Legacy content merged into pillar page
/thuc-don-tuan-02-thang-01-tu-ngay-06012019-12012020/,/,301,Legacy content merged into pillar page
/thuc-don-tuan-02-thang-04-2018-tu-ngay-09042018-13042018/,/,301,Legacy content merged into pillar page
/thuc-don-tuan-02-thang-05-2018-tu-ngay-07052018-11052018/,/,301,Legacy content merged into pillar page
/thuc-don-tuan-02-thang-05-tu-ngay-11052020-17052020/,/,301,Legacy content merged into pillar page
/thuc-don-tuan-02-thang-06-2018-tu-ngay-11062018-15062018/,/,301,Legacy content merged into pillar page
/thuc-don-tuan-02-thang-06-tu-ngay-08062020-14062020/,/,301,Legacy content merged into pillar page
/thuc-don-tuan-02-thang-06-tu-ngay-10062019-16062019/,/,301,Legacy content merged into pillar page
/thuc-don-tuan-02-thang-07-2018-tu-ngay-09072018-10072018/,/,301,Legacy content merged into pillar page
/thuc-don-tuan-02-thang-07-tu-ngay-08072019-14072019/,/,301,Legacy content merged into pillar page
/thuc-don-tuan-02-thang-08-tu-ngay-12082019-18082019/,/,301,Legacy content merged into pillar page
/thuc-don-tuan-02-thang-09-nam-2018-tu-17092018-21092018/,/,301,Legacy content merged into pillar page
/thuc-don-tuan-02-thang-09-tu-ngay-09092019-15092019/,/,301,Legacy content merged into pillar page
/thuc-don-tuan-02-thang-10-tu-ngay-07102019-13102019/,/,301,Legacy content merged into pillar page
/thuc-don-tuan-02-thang-11-nam-2018-tu-12112018-18112018/,/,301,Legacy content merged into pillar page
/thuc-don-tuan-02-thang-11-tu-ngay-11112019-17112019/,/,301,Legacy content merged into pillar page
/thuc-don-tuan-02-thang-12-tu-ngay-9122019-15122019/,/,301,Legacy content merged into pillar page
/thuc-don-tuan-02-thang-7-tu-ngay-06072020-12072020/,/,301,Legacy content merged into pillar page
/thuc-don-tuan-03-thang-01-tu-ngay-13012020-19012020/,/,301,Legacy content merged into pillar page
/thuc-don-tuan-03-thang-03-2018-tu-ngay-12032018-16032018/,/,301,Legacy content merged into pillar page
/thuc-don-tuan-03-thang-04-2018-tu-ngay-16042018-20042018/,/,301,Legacy content merged into pillar page
/thuc-don-tuan-03-thang-05-2018-tu-ngay-14052018-18052018/,/,301,Legacy content merged into pillar page
/thuc-don-tuan-03-thang-05-tu-ngay-18052020-24052020/,/,301,Legacy content merged into pillar page
/thuc-don-tuan-03-thang-06-2018-tu-ngay-18062018-22062018/,/,301,Legacy content merged into pillar page
/thuc-don-tuan-03-thang-06-tu-ngay-17062019-23062019/,/,301,Legacy content merged into pillar page
/thuc-don-tuan-03-thang-07-2018-tu-ngay-16072018-20072018/,/,301,Legacy content merged into pillar page
/thuc-don-tuan-03-thang-07-tu-ngay-15072019-21072019/,/,301,Legacy content merged into pillar page
/thuc-don-tuan-03-thang-08-tu-ngay-19082019-25082019/,/,301,Legacy content merged into pillar page
/thuc-don-tuan-03-thang-09-tu-ngay-16092019-22092019/,/,301,Legacy content merged into pillar page
/thuc-don-tuan-03-thang-10-nam-2018-tu-15102018-21102018/,/,301,Legacy content merged into pillar page
/thuc-don-tuan-03-thang-10-tu-ngay-14102019-20102019/,/,301,Legacy content merged into pillar page
/thuc-don-tuan-03-thang-11-tu-ngay-18112019-24112019/,/,301,Legacy content merged into pillar page
/thuc-don-tuan-03-thang-12-tu-ngay-16122019-22122019/,/,301,Legacy content merged into pillar page
/thuc-don-tuan-03-thang-6-tu-ngay-15062020-21062020/,/,301,Legacy content merged into pillar page
/thuc-don-tuan-03-thang-7-tu-ngay-13072020-19072020/,/,301,Legacy content merged into pillar page
/thuc-don-tuan-04-thang-03-2018-tu-ngay-19032018-23032018/,/,301,Legacy content merged into pillar page
/thuc-don-tuan-04-thang-04-2018-tu-ngay-23042018-27042018/,/,301,Legacy content merged into pillar page
/thuc-don-tuan-04-thang-04-2018-tu-ngay-30042018-04052018/,/,301,Legacy content merged into pillar page
/thuc-don-tuan-04-thang-05-2018-tu-ngay-21052018-25052018/,/,301,Legacy content merged into pillar page
/thuc-don-tuan-04-thang-05-tu-ngay-25052020-31052020/,/,301,Legacy content merged into pillar page
/thuc-don-tuan-04-thang-06-2018-tu-ngay-25062018-29062018/,/,301,Legacy content merged into pillar page
/thuc-don-tuan-04-thang-06-tu-ngay-24062019-30062019/,/,301,Legacy content merged into pillar page
/thuc-don-tuan-04-thang-07-tu-ngay-22072019-28072019/,/,301,Legacy content merged into pillar page
/thuc-don-tuan-04-thang-08-tu-ngay-26082019-01092019/,/,301,Legacy content merged into pillar page
/thuc-don-tuan-04-thang-09-tu-ngay-23092019-29092019/,/,301,Legacy content merged into pillar page
/thuc-don-tuan-04-thang-10-nam-2018-tu-22102018-28102018/,/,301,Legacy content merged into pillar page
/thuc-don-tuan-04-thang-10-tu-ngay-21102019-27102019/,/,301,Legacy content merged into pillar page
/thuc-don-tuan-04-thang-11-nam-2018-tu-26112018-02122018/,/,301,Legacy content merged into pillar page
/thuc-don-tuan-04-thang-11-tu-ngay-25112019-1122019/,/,301,Legacy content merged into pillar page
/thuc-don-tuan-04-thang-12-tu-ngay-23122019-29122019/,/,301,Legacy content merged into pillar page
/thuc-don-tuan-04-thang-6-tu-ngay-22062020-28062020/,/,301,Legacy content merged into pillar page
/thuc-don-tuan-04-thang-7-tu-ngay-20072020-26072020/,/,301,Legacy content merged into pillar page
/thuc-don-tuan-05-thang-02-2018-tu-ngay-2602-02032018/,/,301,Legacy content merged into pillar page
/thuc-don-tuan-05-thang-08-tu-ngay-29072019-04082019/,/,301,Legacy content merged into pillar page
/thuc-don-tuan-05-thang-10-tu-ngay-28102019-03112019/,/,301,Legacy content merged into pillar page
/thuc-don-tuan-05-thang-7-tu-ngay-27072020-02082020/,/,301,Legacy content merged into pillar page
/thuc-don-tuan-1-thang-01-2018-tu-112018-512018/,/,301,Legacy content merged into pillar page
/thuc-don-tuan-1-thang-04-tu-ngay-02042018-06042018/,/,301,Legacy content merged into pillar page
/thuc-don-tuan-1-thang-1-2017/,/,301,Legacy content merged into pillar page
/thuc-don-tuan-1-thang-1-tu-ngay-02012018-06012018/,/,301,Legacy content merged into pillar page
/thuc-don-tuan-1-thang-10-02102017-06102017/,/,301,Legacy content merged into pillar page
/thuc-don-tuan-1-thang-10/,/,301,Legacy content merged into pillar page
/thuc-don-tuan-1-thang-11-2018-tu-ngay-511-11112018/,/,301,Legacy content merged into pillar page
/thuc-don-tuan-1-thang-11-30102017-03112017/,/,301,Legacy content merged into pillar page
/thuc-don-tuan-1-thang-11-3110-4112016/,/,301,Legacy content merged into pillar page
/thuc-don-tuan-1-thang-12-2017-04122017-08122017/,/,301,Legacy content merged into pillar page
/thuc-don-tuan-1-thang-12-nam-2018-tu-ngay-03122018-09122018/,/,301,Legacy content merged into pillar page
/thuc-don-tuan-1-thang-12/,/,301,Legacy content merged into pillar page
/thuc-don-tuan-1-thang-2-2021/,/,301,Legacy content merged into pillar page
/thuc-don-tuan-1-thang-2-nam-2018-tu-ngay-05022018-09022018/,/,301,Legacy content merged into pillar page
/thuc-don-tuan-1-thang-3-2019-tu-ngay-04032019-10032019/,/,301,Legacy content merged into pillar page
/thuc-don-tuan-1-thang-3-2021/,/,301,Legacy content merged into pillar page
/thuc-don-tuan-1-thang-3-nam-2017/,/,301,Legacy content merged into pillar page
/thuc-don-tuan-1-thang-4-2021/,/,301,Legacy content merged into pillar page
/thuc-don-tuan-1-thang-4-nam-2017/,/,301,Legacy content merged into pillar page
/thuc-don-tuan-1-thang-4-tu-ngay-01042019-07042019/,/,301,Legacy content merged into pillar page
/thuc-don-tuan-1-thang-5-03-05-06-05/,/,301,Legacy content merged into pillar page
/thuc-don-tuan-1-thang-5-2021/,/,301,Legacy content merged into pillar page
/thuc-don-tuan-1-thang-5-tu-ngay-tu-ngay-02052019-05052019/,/,301,Legacy content merged into pillar page
/thuc-don-tuan-1-thang-7/,/,301,Legacy content merged into pillar page
/thuc-don-tuan-1-thang-9-04-09-08-09/,/,301,Legacy content merged into pillar page
/thuc-don-tuan-1-thang-9-nam-2018-tu-ngay-03092018-07092018/,/,301,Legacy content merged into pillar page
/thuc-don-tuan-2-thang-1-2017/,/,301,Legacy content merged into pillar page
/thuc-don-tuan-2-thang-1-tu-ngay-712018-1312018/,/,301,Legacy content merged into pillar page
/thuc-don-tuan-2-thang-10-09102017-13102017/,/,301,Legacy content merged into pillar page
/thuc-don-tuan-2-thang-10-tu-ngay-08102018-14102018/,/,301,Legacy content merged into pillar page
/thuc-don-tuan-2-thang-10/,/,301,Legacy content merged into pillar page
/thuc-don-tuan-2-thang-11-2017-06112017-10112017/,/,301,Legacy content merged into pillar page
/thuc-don-tuan-2-thang-11-711-11112016/,/,301,Legacy content merged into pillar page
/thuc-don-tuan-2-thang-12-nam-2017/,/,301,Legacy content merged into pillar page
/thuc-don-tuan-2-thang-12-tu-ngay-10122018-16122018/,/,301,Legacy content merged into pillar page
/thuc-don-tuan-2-thang-12/,/,301,Legacy content merged into pillar page
/thuc-don-tuan-2-thang-12018-tu-ngay-08012018-12012018/,/,301,Legacy content merged into pillar page
/thuc-don-tuan-2-thang-2-nam-2017-06-02-10-02/,/,301,Legacy content merged into pillar page
/thuc-don-tuan-2-thang-2-tu-ngay-1122019-1722019/,/,301,Legacy content merged into pillar page
/thuc-don-tuan-2-thang-3-06-03-10-03-nam-2017/,/,301,Legacy content merged into pillar page
/thuc-don-tuan-2-thang-3-2019-tu-ngay-1132019-1732019/,/,301,Legacy content merged into pillar page
/thuc-don-tuan-2-thang-3-2021/,/,301,Legacy content merged into pillar page
/thuc-don-tuan-2-thang-4-2021/,/,301,Legacy content merged into pillar page
/thuc-don-tuan-2-thang-4-nam-2017/,/,301,Legacy content merged into pillar page
/thuc-don-tuan-2-thang-4-tu-ngay-08042019-14042019/,/,301,Legacy content merged into pillar page
/thuc-don-tuan-2-thang-5-08-5-12-05/,/,301,Legacy content merged into pillar page
/thuc-don-tuan-2-thang-5-2021/,/,301,Legacy content merged into pillar page
/thuc-don-tuan-2-thang-5-95-135/,/,301,Legacy content merged into pillar page
/thuc-don-tuan-2-thang-5-tu-ngay-tu-ngay-06052019-12052019/,/,301,Legacy content merged into pillar page
/thuc-don-tuan-2-thang-6-05-06-09-06/,/,301,Legacy content merged into pillar page
/thuc-don-tuan-2-thang-7-he/,/,301,Legacy content merged into pillar page
/thuc-don-tuan-2-thang-8-07-08-11-08/,/,301,Legacy content merged into pillar page
/thuc-don-tuan-2-thang-8-tu-ngay-1308-17082018/,/,301,Legacy content merged into pillar page
/thuc-don-tuan-2-thang-9-11-09-15-09/,/,301,Legacy content merged into pillar page
/thuc-don-tuan-2-thang-9-tu-ngay-1092018-1492018/,/,301,Legacy content merged into pillar page
/thuc-don-tuan-3-he-thang-7-17072017-21072017/,/,301,Legacy content merged into pillar page
/thuc-don-tuan-3-thang-1-2021/,/,301,Legacy content merged into pillar page
/thuc-don-tuan-3-thang-1-nam-2017/,/,301,Legacy content merged into pillar page
/thuc-don-tuan-3-thang-1-nam-2018-tu-1512018-1912018/,/,301,Legacy content merged into pillar page
/thuc-don-tuan-3-thang-1-tu-ngay-1412019-2012019/,/,301,Legacy content merged into pillar page
/thuc-don-tuan-3-thang-10-16102017-20102017/,/,301,Legacy content merged into pillar page
/thuc-don-tuan-3-thang-10-2/,/,301,Legacy content merged into pillar page
/thuc-don-tuan-3-thang-11-1411-18112016/,/,301,Legacy content merged into pillar page
/thuc-don-tuan-3-thang-11-2017-13112017-17112017/,/,301,Legacy content merged into pillar page
/thuc-don-tuan-3-thang-11-tu-ngay-1911-25112018/,/,301,Legacy content merged into pillar page
/thuc-don-tuan-3-thang-12-2020/,/,301,Legacy content merged into pillar page
/thuc-don-tuan-3-thang-12-tu-18122017-22122017/,/,301,Legacy content merged into pillar page
/thuc-don-tuan-3-thang-12-tu-ngay-17122018-23122018/,/,301,Legacy content merged into pillar page
/thuc-don-tuan-3-thang-12/,/,301,Legacy content merged into pillar page
/thuc-don-tuan-3-thang-2-nam-2017-13-02-17-02/,/,301,Legacy content merged into pillar page
/thuc-don-tuan-3-thang-2-tu-ngay-1822019-2422019/,/,301,Legacy content merged into pillar page
/thuc-don-tuan-3-thang-3-13-03-17-03-nam-2017/,/,301,Legacy content merged into pillar page
/thuc-don-tuan-3-thang-3-2021/,/,301,Legacy content merged into pillar page
/thuc-don-tuan-3-thang-3-tu-ngay-18032019-24032019/,/,301,Legacy content merged into pillar page
/thuc-don-tuan-3-thang-4-nam-2017/,/,301,Legacy content merged into pillar page
/thuc-don-tuan-3-thang-4-tu-ngay-15042019-21042019/,/,301,Legacy content merged into pillar page
/thuc-don-tuan-3-thang-5-15-05-19-05/,/,301,Legacy content merged into pillar page
/thuc-don-tuan-3-thang-5-2021/,/,301,Legacy content merged into pillar page
/thuc-don-tuan-3-thang-5-tu-ngay-tu-ngay-13052019-19052019/,/,301,Legacy content merged into pillar page
/thuc-don-tuan-3-thang-6/,/,301,Legacy content merged into pillar page
/thuc-don-tuan-3-thang-8-14-08-18-08/,/,301,Legacy content merged into pillar page
/thuc-don-tuan-3-thang-8-tu-ngay-208-248/,/,301,Legacy content merged into pillar page
/thuc-don-tuan-3-thang-9-18-09-22-09/,/,301,Legacy content merged into pillar page
/thuc-don-tuan-3-thang-9/,/,301,Legacy content merged into pillar page
/thuc-don-tuan-4-thang-1-2021/,/,301,Legacy content merged into pillar page
/thuc-don-tuan-4-thang-1-nam-2018-tu-ngay-22012018-26012018/,/,301,Legacy content merged into pillar page
/thuc-don-tuan-4-thang-1-tu-ngay-2112019-2712019/,/,301,Legacy content merged into pillar page
/thuc-don-tuan-4-thang-10-23102017-27102017/,/,301,Legacy content merged into pillar page
/thuc-don-tuan-4-thang-10/,/,301,Legacy content merged into pillar page
/thuc-don-tuan-4-thang-11-2017-20112017-24112017/,/,301,Legacy content merged into pillar page
/thuc-don-tuan-4-thang-11-2111-25112016/,/,301,Legacy content merged into pillar page
/thuc-don-tuan-4-thang-12-2020/,/,301,Legacy content merged into pillar page
/thuc-don-tuan-4-thang-12-tu-ngay-24122018-30122018/,/,301,Legacy content merged into pillar page
/thuc-don-tuan-4-thang-12/,/,301,Legacy content merged into pillar page
/thuc-don-tuan-4-thang-2-nam-2017/,/,301,Legacy content merged into pillar page
/thuc-don-tuan-4-thang-2-tu-ngay-2522019-332019/,/,301,Legacy content merged into pillar page
/thuc-don-tuan-4-thang-3-2021/,/,301,Legacy content merged into pillar page
/thuc-don-tuan-4-thang-3-nam-2017/,/,301,Legacy content merged into pillar page
/thuc-don-tuan-4-thang-3-tu-ngay-25032019-31032019/,/,301,Legacy content merged into pillar page
/thuc-don-tuan-4-thang-4-2021/,/,301,Legacy content merged into pillar page
/thuc-don-tuan-4-thang-4-nam-2017/,/,301,Legacy content merged into pillar page
/thuc-don-tuan-4-thang-4-tu-ngay-22042019-28042019/,/,301,Legacy content merged into pillar page
/thuc-don-tuan-4-thang-5-2021/,/,301,Legacy content merged into pillar page
/thuc-don-tuan-4-thang-5-22-05-26-05/,/,301,Legacy content merged into pillar page
/thuc-don-tuan-4-thang-8-21-08-25-08/,/,301,Legacy content merged into pillar page
/thuc-don-tuan-4-thang-8-tu-ngay-2782018-3182018/,/,301,Legacy content merged into pillar page
/thuc-don-tuan-4-thang-9-25092017-29092017/,/,301,Legacy content merged into pillar page
/thuc-don-tuan-4-thang-9-nam-2018-tu-24092018-28092018/,/,301,Legacy content merged into pillar page
/thuc-don-tuan-4-thang-9/,/,301,Legacy content merged into pillar page
/thuc-don-tuan-4he-thang-6/,/,301,Legacy content merged into pillar page
/thuc-don-tuan-5-thang-03-2018-tu-ngay-26032018-30032018/,/,301,Legacy content merged into pillar page
/thuc-don-tuan-5-thang-1-nam-2018-tu-ngay-29012018-02022018/,/,301,Legacy content merged into pillar page
/thuc-don-tuan-5-thang-12-2020/,/,301,Legacy content merged into pillar page
/thuc-don-tuan-5-thang-12/,/,301,Legacy content merged into pillar page
/thuc-don-tuan-5-thang-4-2021/,/,301,Legacy content merged into pillar page
/thuc-don-tuan-5-thang-6/,/,301,Legacy content merged into pillar page
/thuc-don-tuan-5-thang-8-28-08-01-09/,/,301,Legacy content merged into pillar page
/thuc-don-tuan-cuoi-thang-11-nam-2017-27112017-01122017/,/,301,Legacy content merged into pillar page
/thuc-don-tuan3-thang-4-2021/,/,301,Legacy content merged into pillar page
/tiet-anh-van-quoc-te-cua-hoc-sinh-truong-thcs-va-thpt-viet-anh-ngay-28-thang-09-nam-2017/,/thcs,301,Past event - consolidated
/tiet-muc-dancing-soi-noi-ngay-29-thang-05-nam-2018/,/,301,Past event - consolidated
/tiet-muc-prom-night-ngay-19-thang-05-nam-2018/,/,301,Past event - consolidated
/tiet-muc-van-nghe-an-tuong-nhat-cua-thay-tro-truong-viet-anh-trong-buoi-le-tong-ket-khoa-he-summer-got-talent-2017-ngay-25-thang-07-nam-2017/,/,301,Past event - consolidated
/trai-he-la-gi-co-gi-vui-ngay-15-thang-05-nam-2018/,/,301,Past event - consolidated
/trai-he-la-gi-va-tai-sao-cac-bac-phu-huynh-nen-tao-dieu-kien-de-con-minh-tham-gia-ngay-21-thang-05-nam-2018/,/blog/cach-chon-truong-mam-non-cho-con,301,Past event - consolidated
/trai-he-loi-ich-bat-tan-ngay-09-thang-06-nam-2018/,/,301,Past event - consolidated
/trai-he-thu-vi-hap-dan-vui-nhon%ef%b8%8f-ngay-18-thang-05-nam-2018/,/,301,Past event - consolidated
/trai-he-viet-anh-tuyet-voi-trong-tung-khoanh-khac-ngay-16-thang-05-nam-2018/,/,301,Past event - consolidated
/tri-thong-minh-ngon-ngu-tai-truong-quoc-te-viet-anh-ngay-28-thang-06-nam-2018/,/,301,Past event - consolidated
/truong-ca-viet-anh/,/,301,Legacy content merged into pillar page
/truong-quoc-te-cam-ket-ielts-6-0-tai-sao-khong-ngay-06-thang-07-nam-2018-2/,/blog/10-bi-quyet-hoc-tieng-anh-hieu-qua,301,Past event - consolidated
/truong-quoc-te-co-hoc-bong-hap-dan-nhat-hien-nay-ngay-07-thang-07-nam-2018/,/,301,Past event - consolidated
/truong-quoc-te-do-dai-hoc-ngay-khi-hoc-bac-thpt-ngay-07-thang-07-nam-2018/,/thpt,301,Past event - consolidated
/truong-quoc-te-thoa-suc-lua-chon-du-hoc-trong-va-ngoai-nuoc-ngay-07-thang-07-nam-2018/,/blog/du-hoc-sau-thpt,301,Past event - consolidated
/truong-quoc-te-viet-anh-co-hoi-nhan-hoc-bong-du-hoc-la-100-ngay-25-thang-06-nam-2018/,/blog/du-hoc-sau-thpt,301,Past event - consolidated
/truong-thcs-thpt-viet-anh-chao-mung-ngay-nha-giao-viet-nam-20-11-ngay-17-thang-11-nam-2017/,/thcs,301,Past event - consolidated
/truong-thcs-thpt-viet-anh-du-hoc-de-nhu-tro-ban-tay-cho-hoc-sinh-viet-anh-ngay-15-thang-03-nam-2018/,/thcs,301,Past event - consolidated
/truong-thcs-thpt-viet-anh-hoi-thao-apu-%f0%9f%92%93-designing-your-ideal-future-how-to-make-the-best-use-of-your-university-life-ngay-08-thang-02-nam-2018/,/thcs,301,Past event - consolidated
/truong-thcs-thpt-viet-anh-ket-qua-ki-thi-ielts-1312018-ngay-29-thang-01-nam-2018/,/thcs,301,Past event - consolidated
/truong-thcs-thpt-viet-anh-mot-chau-hoa-nho-chua-dung-ngan-loi-yeu-thuong-ngay-08-thang-03-nam-2018/,/thcs,301,Past event - consolidated
/truong-thcs-thpt-viet-anh-tranh-giai-bong-da-chao-mung-ngay-nha-giao-viet-nam-20-11-ngay-15-thang-11-nam-2017/,/thcs,301,Past event - consolidated
/truong-thcs-va-thpt-viet-anh-chuc-mung-ngay-phu-nu-viet-nam-20-10-ngay-20-thang-10-nam-2017/,/thcs,301,Past event - consolidated
/truong-thcs-va-thpt-viet-anh-dao-tao-hoc-sinh-gioi-chuyen-anh-ngay-29-thang-05-nam-2017/,/thcs,301,Past event - consolidated
/truong-thcs-va-thpt-viet-anh-dem-halloween-mau-lua-lost-in-the-ghastly-town-ngay-19-thang-10-nam-2017/,/thcs,301,Past event - consolidated
/truong-thcs-va-thpt-viet-anh-long-trong-to-chuc-buoi-le-tong-ket-khoa-he-summer-got-talent-2017-ngay-24-thang-07-nam-2017/,/thcs,301,Past event - consolidated
/truong-thcs-va-thpt-viet-anh-long-trong-to-chuc-buoi-le-tong-ket-nam-hoc-2016-2017-ngay-25-thang-05-nam-2017/,/thcs,301,Past event - consolidated
/truong-thcs-va-thpt-viet-anh-nang-cao-chat-luong-nguon-nhan-luc-trong-boi-canh-hoi-nhap-quoc-te-ngay-05-thang-07-nam-2017/,/thcs,301,Past event - consolidated
/truong-thcs-va-thpt-viet-anh-toa-dam-giao-duc-ngay-18-8-2017-kenh-htv9-dot-pha-va-nang-cao-ngay-22-thang-08-nam-2017/,/thcs,301,Past event - consolidated
/truong-viet-anh-di-dau-moi-truong-hoc-chuan-quoc-te-ngay-04-thang-07-nam-2018/,/,301,Past event - consolidated
/truong-viet-anh-thong-bao-chuong-trinh-da-ngoai-thai-lan-trong-thang-52017-ngay-21-thang-04-nam-2017/,/,301,Past event - consolidated
/uoc-gi-duoc-nay-voi-viet-anh-ngay-19-thang-04-nam-2018/,/,301,Past event - consolidated
/viet-anh-idol-ngay-19-thang-05-nam-2018/,/,301,Past event - consolidated
/viet-anh-prom-night-cac-tiet-muc-trong-prom-night-ngay-19-thang-05-nam-2018/,/,301,Past event - consolidated
/viet-anh-prom-night-prom-night-ngay-19-thang-05-nam-2018/,/,301,Past event - consolidated
/viet-anh-prom-night-quay-prom-ngay-19-thang-05-nam-2018/,/,301,Past event - consolidated
/viet-anh-prom-night-tiet-muc-prom-ngay-19-thang-05-nam-2018/,/,301,Past event - consolidated
/viet-anh-prom-night-tieu-bieu-cua-prom-night-viet-anh-ngay-19-thang-05-nam-2018/,/,301,Past event - consolidated
/viet-anh-summer-camp-2018-chinh-thuc-duoc-khoi-dong-ngay-12-thang-06-nam-2018/,/,301,Past event - consolidated
/viet-nam-vo-dich-viet-anh-vo-dich-ngay-14-thang-04-nam-2018/,/,301,Past event - consolidated
/xa-hoi-binh-dang-co-phai-truong-quoc-te-nen-duoc-don-nhan-nhu-cong-lap-ngay-21-thang-06-nam-2018/,/,301,Past event - consolidated
